Country Name,Country Code,Indicator Name,Indicator Code,1989,1990,1991,1992,1993,1994,1995,1996,1997,1998,1999,2000,2001,2002,2003,2004,2005,2006,2007,2008,2009,2010,2011,2012,2013,2014,2015,2016,2017,2018,2019,2020,2021
Aruba,ABW,"PM2.5 air pollution, mean annual exposure (micrograms per cubic meter)",EN.ATM.PM25.MC.M3,,,,,,,,,,,,,,,,,,,,,,,,,,,,,,,,,
Africa Eastern and Southern,AFE,"PM2.5 air pollution, mean annual exposure (micrograms per cubic meter)",EN.ATM.PM25.MC.M3,,34.56640719,,,,,34.42116338,,,,,34.35679688,,,,,33.83616943,,,,,33.73751384,34.31820821,34.81603805,34.67049231,34.04127093,35.74922461,35.51494314,35.51298818,,,,
Afghanistan,AFG,"PM2.5 air pollution, mean annual exposure (micrograms per cubic meter)",EN.ATM.PM25.MC.M3,,65.48679165,,,,,65.17951271,,,,,64.922462,,,,,64.52268271,,,,,65.24559168,66.83572711,66.02317421,61.36674452,59.01033025,61.2526558,56.28704672,56.91080835,,,,
Africa Western and Central,AFW,"PM2.5 air pollution, mean annual exposure (micrograms per cubic meter)",EN.ATM.PM25.MC.M3,,58.07963258,,,,,56.11179666,,,,,55.34709194,,,,,48.72238236,,,,,44.83127013,44.33968282,47.24374209,42.71854292,41.95220544,60.34263676,57.45888916,58.06448224,,,,
Angola,AGO,"PM2.5 air pollution, mean annual exposure (micrograms per cubic meter)",EN.ATM.PM25.MC.M3,,36.44811599,,,,,35.60290817,,,,,36.18296788,,,,,34.96291205,,,,,33.78724719,33.10419463,33.41549506,34.66392257,32.97402504,32.72987314,31.78538881,32.38850491,,,,
Albania,ALB,"PM2.5 air pollution, mean annual exposure (micrograms per cubic meter)",EN.ATM.PM25.MC.M3,,22.71866324,,,,,22.02921828,,,,,21.99824816,,,,,21.57525796,,,,,21.27782812,22.77253665,20.57825918,19.93851711,18.88395497,19.51253962,18.18993375,18.20060252,,,,
Andorra,AND,"PM2.5 air pollution, mean annual exposure (micrograms per cubic meter)",EN.ATM.PM25.MC.M3,,14.11874161,,,,,13.93686693,,,,,12.59401471,,,,,12.96137804,,,,,12.8071975,13.27350555,12.40705303,11.81367331,10.83041825,11.46217847,10.25583443,10.30762139,,,,
Arab World,ARB,"PM2.5 air pollution, mean annual exposure (micrograms per cubic meter)",EN.ATM.PM25.MC.M3,,53.30026609,,,,,52.54340838,,,,,53.06307635,,,,,52.39524948,,,,,53.7870016,52.65234123,53.29748197,54.05414827,52.58386059,60.40681308,58.76412484,58.68747494,,,,
United Arab Emirates,ARE,"PM2.5 air pollution, mean annual exposure (micrograms per cubic meter)",EN.ATM.PM25.MC.M3,,39.82462869,,,,,39.77842718,,,,,39.69880052,,,,,38.98906239,,,,,38.98006849,39.1934301,39.27712811,39.6081551,37.98342106,42.33499,40.52210348,40.91750982,,,,
Argentina,ARG,"PM2.5 air pollution, mean annual exposure (micrograms per cubic meter)",EN.ATM.PM25.MC.M3,,16.22053017,,,,,16.84606475,,,,,16.78094792,,,,,16.40308536,,,,,16.85910062,17.38298213,16.13507182,15.59737515,14.46698041,14.6316259,13.75144403,13.31183395,,,,
Armenia,ARM,"PM2.5 air pollution, mean annual exposure (micrograms per cubic meter)",EN.ATM.PM25.MC.M3,,36.8607211,,,,,35.12094162,,,,,36.79644697,,,,,37.06872924,,,,,37.53004093,38.61227522,37.18448464,34.9372126,33.08594982,34.88143264,32.22716773,32.52811834,,,,
American Samoa,ASM,"PM2.5 air pollution, mean annual exposure (micrograms per cubic meter)",EN.ATM.PM25.MC.M3,,12.47908266,,,,,12.47908266,,,,,15.21466797,,,,,15.23784168,,,,,15.07272173,15.39064186,14.34415015,14.12722552,13.31699203,13.0193901,12.38272987,12.47382024,,,,
Antigua and Barbuda,ATG,"PM2.5 air pollution, mean annual exposure (micrograms per cubic meter)",EN.ATM.PM25.MC.M3,,22.40856353,,,,,22.45159506,,,,,21.97611804,,,,,22.13432961,,,,,22.52887611,23.1478617,21.47105044,20.73538507,19.72558362,19.69638779,18.46093032,18.62234285,,,,
Australia,AUS,"PM2.5 air pollution, mean annual exposure (micrograms per cubic meter)",EN.ATM.PM25.MC.M3,,10.41185463,,,,,10.42639658,,,,,10.84372366,,,,,10.59713361,,,,,10.6188794,11.04726492,10.53708999,9.98768389,9.492978752,9.320015289,8.614508924,8.550324401,,,,
Austria,AUT,"PM2.5 air pollution, mean annual exposure (micrograms per cubic meter)",EN.ATM.PM25.MC.M3,,16.86668825,,,,,15.70612581,,,,,15.35536282,,,,,15.59206265,,,,,15.14913995,15.57337093,14.28233205,14.08161348,13.37922794,13.54109517,12.59681605,12.47796673,,,,
Azerbaijan,AZE,"PM2.5 air pollution, mean annual exposure (micrograms per cubic meter)",EN.ATM.PM25.MC.M3,,23.94291482,,,,,23.39142886,,,,,22.880772,,,,,22.86570599,,,,,23.0476012,23.6298688,22.18081034,22.27878046,20.71006751,21.41412281,20.20815664,19.92866362,,,,
Burundi,BDI,"PM2.5 air pollution, mean annual exposure (micrograms per cubic meter)",EN.ATM.PM25.MC.M3,,41.24888833,,,,,40.0095359,,,,,40.95578012,,,,,40.14781299,,,,,38.38116825,38.23619121,41.01132776,39.97107204,39.38755864,38.43088048,38.65322349,38.89626795,,,,
Belgium,BEL,"PM2.5 air pollution, mean annual exposure (micrograms per cubic meter)",EN.ATM.PM25.MC.M3,,17.58749643,,,,,16.49606572,,,,,15.66245122,,,,,15.43635146,,,,,16.00931923,15.69844257,14.74189365,14.02266986,13.2336213,13.56652303,12.83308751,12.88651847,,,,
Benin,BEN,"PM2.5 air pollution, mean annual exposure (micrograms per cubic meter)",EN.ATM.PM25.MC.M3,,40.2201361,,,,,38.07847163,,,,,39.77629324,,,,,34.3288089,,,,,32.39296916,32.58084623,31.99200044,31.44329865,29.66045567,40.47068263,38.44770366,38.99995876,,,,
Burkina Faso,BFA,"PM2.5 air pollution, mean annual exposure (micrograms per cubic meter)",EN.ATM.PM25.MC.M3,,46.01466126,,,,,45.10893352,,,,,44.88311167,,,,,39.33511519,,,,,37.49132872,37.28137549,38.78415146,33.28720021,33.96909317,46.56216758,41.53724291,42.93559251,,,,
Bangladesh,BGD,"PM2.5 air pollution, mean annual exposure (micrograms per cubic meter)",EN.ATM.PM25.MC.M3,,61.59562963,,,,,61.80314399,,,,,63.0363418,,,,,68.87354591,,,,,70.76499566,70.2105489,70.79390882,65.64508289,68.3953774,66.96574924,60.12627467,60.84578458,,,,
Bulgaria,BGR,"PM2.5 air pollution, mean annual exposure (micrograms per cubic meter)",EN.ATM.PM25.MC.M3,,27.55988096,,,,,25.49281015,,,,,24.08980882,,,,,23.26730013,,,,,22.75619549,24.30032702,22.64465578,20.99963709,20.74356996,20.77642742,19.28301303,19.14913234,,,,
Bahrain,BHR,"PM2.5 air pollution, mean annual exposure (micrograms per cubic meter)",EN.ATM.PM25.MC.M3,,68.15876158,,,,,68.12334942,,,,,67.95778934,,,,,64.58727578,,,,,65.63088097,63.73249929,70.28748254,67.79467818,62.75854371,72.60467743,69.86418236,70.81620768,,,,
"Bahamas, The",BHS,"PM2.5 air pollution, mean annual exposure (micrograms per cubic meter)",EN.ATM.PM25.MC.M3,,21.01992374,,,,,21.2866269,,,,,21.31820066,,,,,21.06635652,,,,,21.1105137,21.77442494,20.31707569,19.90940079,18.49533328,18.88630621,17.65132069,17.36772049,,,,
Bosnia and Herzegovina,BIH,"PM2.5 air pollution, mean annual exposure (micrograms per cubic meter)",EN.ATM.PM25.MC.M3,,30.35255781,,,,,29.33961391,,,,,33.17226018,,,,,33.77212107,,,,,32.30015609,34.19186648,31.77325971,30.44623075,28.77732513,29.62283839,27.59446709,27.74766896,,,,
Belarus,BLR,"PM2.5 air pollution, mean annual exposure (micrograms per cubic meter)",EN.ATM.PM25.MC.M3,,24.58584826,,,,,22.656887,,,,,22.65026613,,,,,22.87190055,,,,,23.31940958,22.91114578,21.64637226,20.59045954,19.76605366,20.07627636,18.87823952,18.76557991,,,,
Belize,BLZ,"PM2.5 air pollution, mean annual exposure (micrograms per cubic meter)",EN.ATM.PM25.MC.M3,,27.42980234,,,,,27.12519252,,,,,27.84143983,,,,,28.29257873,,,,,28.2730542,28.80044628,27.40912213,27.28443966,24.42114809,25.21682566,23.06568424,23.01189211,,,,
Bermuda,BMU,"PM2.5 air pollution, mean annual exposure (micrograms per cubic meter)",EN.ATM.PM25.MC.M3,,11.74975934,,,,,11.69101106,,,,,14.80544275,,,,,14.77558692,,,,,14.64738151,14.84311292,13.97908263,13.47885095,12.80641477,12.41796108,11.65994362,11.64635919,,,,
Bolivia,BOL,"PM2.5 air pollution, mean annual exposure (micrograms per cubic meter)",EN.ATM.PM25.MC.M3,,23.95267949,,,,,24.67257239,,,,,26.25444139,,,,,29.395643,,,,,29.5728099,27.90420439,26.39024388,26.09046897,24.81882932,22.47639992,21.3866041,21.5689866,,,,
Brazil,BRA,"PM2.5 air pollution, mean annual exposure (micrograms per cubic meter)",EN.ATM.PM25.MC.M3,,15.14386144,,,,,15.4128569,,,,,15.77348119,,,,,15.59592573,,,,,15.95528506,15.91279799,15.28545576,14.60990092,13.98993477,13.59465562,12.65867601,12.70662947,,,,
Barbados,BRB,"PM2.5 air pollution, mean annual exposure (micrograms per cubic meter)",EN.ATM.PM25.MC.M3,,28.21252173,,,,,28.2458825,,,,,28.47945619,,,,,28.482801,,,,,28.21681441,29.30348967,27.03352956,26.23023054,25.18301447,24.68624082,23.45919984,23.0801758,,,,
Brunei Darussalam,BRN,"PM2.5 air pollution, mean annual exposure (micrograms per cubic meter)",EN.ATM.PM25.MC.M3,,6.732298222,,,,,6.839568343,,,,,6.884513524,,,,,7.24439177,,,,,7.417004403,7.366187122,7.570822949,6.709489683,6.180830115,6.484179774,5.927600072,5.903065468,,,,
Bhutan,BTN,"PM2.5 air pollution, mean annual exposure (micrograms per cubic meter)",EN.ATM.PM25.MC.M3,,40.20596907,,,,,40.07507496,,,,,39.74957882,,,,,43.01963566,,,,,43.96188317,43.07170329,42.93227289,41.88190701,40.83967373,39.81863873,37.22436394,37.9265032,,,,
Botswana,BWA,"PM2.5 air pollution, mean annual exposure (micrograms per cubic meter)",EN.ATM.PM25.MC.M3,,25.43543083,,,,,24.98630892,,,,,25.30182437,,,,,25.07372693,,,,,25.72472072,24.59211459,24.85403894,24.87425931,24.15127779,24.33025796,23.63126742,23.09438618,,,,
Central African Republic,CAF,"PM2.5 air pollution, mean annual exposure (micrograms per cubic meter)",EN.ATM.PM25.MC.M3,,53.28715609,,,,,53.40425591,,,,,51.57214353,,,,,52.89663351,,,,,51.53331961,51.22953137,53.35883384,50.87491368,49.35636376,58.32609851,56.98542248,56.82849738,,,,
Canada,CAN,"PM2.5 air pollution, mean annual exposure (micrograms per cubic meter)",EN.ATM.PM25.MC.M3,,8.225863908,,,,,8.103930599,,,,,8.280983564,,,,,8.495469137,,,,,8.384457262,8.62446106,8.107410495,7.791636125,7.428419864,7.151582145,6.549074761,6.428383133,,,,
Central Europe and the Baltics,CEB,"PM2.5 air pollution, mean annual exposure (micrograms per cubic meter)",EN.ATM.PM25.MC.M3,,24.81804606,,,,,22.91582375,,,,,21.55990515,,,,,21.60903966,,,,,21.98802866,21.90983004,20.20362489,19.22537578,18.60919623,18.9941038,17.64108764,17.63329211,,,,
Switzerland,CHE,"PM2.5 air pollution, mean annual exposure (micrograms per cubic meter)",EN.ATM.PM25.MC.M3,,14.22837266,,,,,13.37056081,,,,,12.69076406,,,,,12.861816,,,,,12.92221973,13.04922122,12.26138801,11.82005499,11.38910719,11.16525468,10.34263047,10.3031001,,,,
Channel Islands,CHI,"PM2.5 air pollution, mean annual exposure (micrograms per cubic meter)",EN.ATM.PM25.MC.M3,,,,,,,,,,,,,,,,,,,,,,,,,,,,,,,,,
Chile,CHL,"PM2.5 air pollution, mean annual exposure (micrograms per cubic meter)",EN.ATM.PM25.MC.M3,,24.67605657,,,,,24.94324153,,,,,26.16859477,,,,,25.52731698,,,,,25.89229169,27.24586707,25.0471553,23.9366936,22.86825181,22.56979255,20.87687041,21.03629906,,,,
China,CHN,"PM2.5 air pollution, mean annual exposure (micrograms per cubic meter)",EN.ATM.PM25.MC.M3,,57.76500664,,,,,58.6601588,,,,,60.70483932,,,,,66.17450389,,,,,69.47957041,70.54202883,63.82701684,65.51455022,59.76736751,59.06342246,52.21132204,52.66459583,,,,
Cote d'Ivoire,CIV,"PM2.5 air pollution, mean annual exposure (micrograms per cubic meter)",EN.ATM.PM25.MC.M3,,25.87320064,,,,,24.85169224,,,,,25.26349351,,,,,21.8288118,,,,,21.617705,22.59307255,22.49440447,21.30554316,20.90017764,27.68749396,26.67470411,25.88626634,,,,
Cameroon,CMR,"PM2.5 air pollution, mean annual exposure (micrograms per cubic meter)",EN.ATM.PM25.MC.M3,,75.0066749,,,,,72.5750131,,,,,70.82948282,,,,,63.45308442,,,,,59.29340315,58.07690148,62.776697,58.18633815,56.71530558,77.05174298,73.20529127,72.79309622,,,,
"Congo, Dem. Rep.",COD,"PM2.5 air pollution, mean annual exposure (micrograms per cubic meter)",EN.ATM.PM25.MC.M3,,43.2331345,,,,,43.48303483,,,,,44.76174457,,,,,42.04343872,,,,,41.39803933,41.49328795,43.03677157,44.49576095,42.5494471,44.93118592,45.49950018,44.9092636,,,,
"Congo, Rep.",COG,"PM2.5 air pollution, mean annual exposure (micrograms per cubic meter)",EN.ATM.PM25.MC.M3,,46.68716073,,,,,42.66256501,,,,,43.59878521,,,,,42.68905182,,,,,42.00909211,44.15559345,43.48998719,46.12663732,45.85281627,44.14769514,45.7110424,46.63822028,,,,
Colombia,COL,"PM2.5 air pollution, mean annual exposure (micrograms per cubic meter)",EN.ATM.PM25.MC.M3,,20.38351541,,,,,20.01323703,,,,,20.05341997,,,,,21.28477536,,,,,21.49784542,21.36777875,20.53663622,19.22334802,18.34420526,17.30028428,16.58060037,16.52721022,,,,
Comoros,COM,"PM2.5 air pollution, mean annual exposure (micrograms per cubic meter)",EN.ATM.PM25.MC.M3,,21.75399127,,,,,21.07742304,,,,,21.54405572,,,,,21.24320643,,,,,20.66635788,21.02016044,21.2526292,21.04796184,21.50207199,20.71555746,20.48272773,20.5468246,,,,
Cabo Verde,CPV,"PM2.5 air pollution, mean annual exposure (micrograms per cubic meter)",EN.ATM.PM25.MC.M3,,36.13872533,,,,,36.36461069,,,,,36.62812416,,,,,30.2624091,,,,,27.59644067,31.64177817,32.94099303,32.08584342,31.62108111,38.63361366,33.39233075,34.7787001,,,,
Costa Rica,CRI,"PM2.5 air pollution, mean annual exposure (micrograms per cubic meter)",EN.ATM.PM25.MC.M3,,18.30876432,,,,,18.56164026,,,,,19.41210209,,,,,19.65730721,,,,,19.27295272,19.70213293,19.33512768,18.34151711,17.54363411,16.87928994,15.65581227,15.7259203,,,,
Caribbean small states,CSS,"PM2.5 air pollution, mean annual exposure (micrograms per cubic meter)",EN.ATM.PM25.MC.M3,,22.57965309,,,,,22.61157589,,,,,22.7258502,,,,,23.0458473,,,,,22.88004351,23.60444962,22.17649999,21.45641444,19.96654049,20.08737563,19.10237732,19.00983168,,,,
Cuba,CUB,"PM2.5 air pollution, mean annual exposure (micrograms per cubic meter)",EN.ATM.PM25.MC.M3,,23.79235164,,,,,24.25965174,,,,,24.1373679,,,,,24.00991936,,,,,23.93329773,24.78731963,23.23978714,22.85074328,21.29623433,20.86409957,19.73784135,19.7060474,,,,
Curacao,CUW,"PM2.5 air pollution, mean annual exposure (micrograms per cubic meter)",EN.ATM.PM25.MC.M3,,,,,,,,,,,,,,,,,,,,,,,,,,,,,,,,,
Cayman Islands,CYM,"PM2.5 air pollution, mean annual exposure (micrograms per cubic meter)",EN.ATM.PM25.MC.M3,,,,,,,,,,,,,,,,,,,,,,,,,,,,,,,,,
Cyprus,CYP,"PM2.5 air pollution, mean annual exposure (micrograms per cubic meter)",EN.ATM.PM25.MC.M3,,20.9065766,,,,,20.5172218,,,,,20.18499397,,,,,19.7180449,,,,,20.08186599,20.09096399,19.22484321,18.68454574,18.29352737,19.10134763,16.9580216,17.2944062,,,,
Czechia,CZE,"PM2.5 air pollution, mean annual exposure (micrograms per cubic meter)",EN.ATM.PM25.MC.M3,,24.40361819,,,,,22.12133187,,,,,20.43670674,,,,,19.94659258,,,,,20.67687047,20.08124665,18.74317608,17.996287,17.39121549,17.41645169,16.1005837,16.07124535,,,,
Germany,DEU,"PM2.5 air pollution, mean annual exposure (micrograms per cubic meter)",EN.ATM.PM25.MC.M3,,17.01652364,,,,,15.62537022,,,,,14.90393488,,,,,14.53520844,,,,,15.18949496,14.66422844,13.57764226,13.19191946,12.75122057,12.82609758,11.93781112,12.02876736,,,,
Djibouti,DJI,"PM2.5 air pollution, mean annual exposure (micrograms per cubic meter)",EN.ATM.PM25.MC.M3,,40.87716559,,,,,41.22401354,,,,,40.98010856,,,,,39.17294068,,,,,38.24086927,40.44183546,39.94282079,40.10377303,41.25972754,45.95080851,45.86887513,45.5496176,,,,
Dominica,DMA,"PM2.5 air pollution, mean annual exposure (micrograms per cubic meter)",EN.ATM.PM25.MC.M3,,23.34142911,,,,,22.86565017,,,,,22.9554165,,,,,23.56283597,,,,,23.74074619,24.27612298,22.21579925,22.15106827,21.01030747,20.68878863,19.98814835,19.49315376,,,,
Denmark,DNK,"PM2.5 air pollution, mean annual exposure (micrograms per cubic meter)",EN.ATM.PM25.MC.M3,,13.25493039,,,,,12.66754747,,,,,12.41693942,,,,,12.07842801,,,,,11.92914817,12.66233138,11.11552501,10.82027884,11.06670453,10.65728566,10.09597196,10.02965344,,,,
Dominican Republic,DOM,"PM2.5 air pollution, mean annual exposure (micrograms per cubic meter)",EN.ATM.PM25.MC.M3,,15.44407366,,,,,15.73914006,,,,,16.4531496,,,,,16.58544537,,,,,16.87446546,17.29977986,16.15283991,15.39695063,14.1880737,14.85822076,13.69022772,13.72632115,,,,
Algeria,DZA,"PM2.5 air pollution, mean annual exposure (micrograms per cubic meter)",EN.ATM.PM25.MC.M3,,36.93025771,,,,,36.45658418,,,,,37.5360503,,,,,35.85882651,,,,,33.63582026,33.83404774,33.3668262,34.24532791,35.56391718,36.08916357,39.85327385,38.8840107,,,,
East Asia & Pacific (excluding high income),EAP,"PM2.5 air pollution, mean annual exposure (micrograms per cubic meter)",EN.ATM.PM25.MC.M3,,48.41342083,,,,,48.88107613,,,,,50.03086244,,,,,53.90314623,,,,,55.84497587,56.39113556,51.66182022,52.47879762,48.16418093,47.42244431,42.34333133,42.58723899,,,,
Early-demographic dividend,EAR,"PM2.5 air pollution, mean annual exposure (micrograms per cubic meter)",EN.ATM.PM25.MC.M3,,56.55326998,,,,,57.26898884,,,,,58.15413079,,,,,61.32758314,,,,,64.28868595,64.85590519,60.37999075,61.40095108,60.00273524,60.62223957,59.87864306,60.36830737,,,,
East Asia & Pacific,EAS,"PM2.5 air pollution, mean annual exposure (micrograms per cubic meter)",EN.ATM.PM25.MC.M3,,44.9163042,,,,,45.44394965,,,,,46.58545672,,,,,50.14503124,,,,,51.91201129,52.42434478,48.08143362,48.87065935,44.89937826,44.2748827,39.56976542,39.80278724,,,,
Europe & Central Asia (excluding high income),ECA,"PM2.5 air pollution, mean annual exposure (micrograms per cubic meter)",EN.ATM.PM25.MC.M3,,27.64493857,,,,,26.57338687,,,,,26.27225525,,,,,26.17838562,,,,,27.12867987,26.85383048,26.01909465,25.62091636,24.76754714,25.93119903,24.82734181,24.94064033,,,,
Europe & Central Asia,ECS,"PM2.5 air pollution, mean annual exposure (micrograms per cubic meter)",EN.ATM.PM25.MC.M3,,21.92867827,,,,,20.86727275,,,,,20.33548961,,,,,20.1538476,,,,,20.58349009,20.57529779,19.50065956,19.08015459,18.3916393,19.0006987,18.00995933,18.08347489,,,,
Ecuador,ECU,"PM2.5 air pollution, mean annual exposure (micrograms per cubic meter)",EN.ATM.PM25.MC.M3,,18.42443364,,,,,18.48500925,,,,,18.70026501,,,,,19.91466892,,,,,19.97918812,19.321995,19.55771048,18.1186093,16.23418751,15.69970761,14.98157801,14.88610066,,,,
"Egypt, Arab Rep.",EGY,"PM2.5 air pollution, mean annual exposure (micrograms per cubic meter)",EN.ATM.PM25.MC.M3,,75.47526578,,,,,72.33836024,,,,,73.26431954,,,,,74.03844104,,,,,77.44661885,70.78635638,72.79056861,76.21365354,76.55960126,88.21338765,88.1485004,86.99945205,,,,
Euro area,EMU,"PM2.5 air pollution, mean annual exposure (micrograms per cubic meter)",EN.ATM.PM25.MC.M3,,16.78425794,,,,,15.86456236,,,,,15.34217129,,,,,15.13180153,,,,,15.18741758,15.36638623,14.15750083,13.78814167,13.22455703,13.43064457,12.46631262,12.52500117,,,,
Eritrea,ERI,"PM2.5 air pollution, mean annual exposure (micrograms per cubic meter)",EN.ATM.PM25.MC.M3,,46.9213334,,,,,46.3436351,,,,,46.37292994,,,,,47.11026453,,,,,45.2271386,45.25744675,46.13384645,47.62781596,44.37494629,49.82891214,48.67093668,48.03019868,,,,
Spain,ESP,"PM2.5 air pollution, mean annual exposure (micrograms per cubic meter)",EN.ATM.PM25.MC.M3,,12.21132253,,,,,11.9453955,,,,,11.77420863,,,,,11.56902518,,,,,11.3493291,12.03799789,11.14962332,10.74258206,10.07458883,10.44910241,9.704138553,9.697927863,,,,
Estonia,EST,"PM2.5 air pollution, mean annual exposure (micrograms per cubic meter)",EN.ATM.PM25.MC.M3,,9.051927283,,,,,8.578045915,,,,,8.227386728,,,,,8.457242673,,,,,8.519848763,8.442558919,7.810698651,7.482813578,7.705552572,7.003727673,6.821448031,6.732124015,,,,
Ethiopia,ETH,"PM2.5 air pollution, mean annual exposure (micrograms per cubic meter)",EN.ATM.PM25.MC.M3,,35.80074932,,,,,35.83580493,,,,,35.53396675,,,,,34.35100758,,,,,35.63414541,36.31794195,35.97384213,35.88420536,35.04359745,38.85860469,39.24503758,38.97873776,,,,
European Union,EUU,"PM2.5 air pollution, mean annual exposure (micrograms per cubic meter)",EN.ATM.PM25.MC.M3,,18.56617065,,,,,17.38389257,,,,,16.64126921,,,,,16.41883365,,,,,16.5022138,16.63120853,15.31009149,14.79927953,14.2500361,14.47106656,13.43167628,13.46590686,,,,
Fragile and conflict affected situations,FCS,"PM2.5 air pollution, mean annual exposure (micrograms per cubic meter)",EN.ATM.PM25.MC.M3,,47.28608736,,,,,46.76912002,,,,,46.50469299,,,,,44.4101986,,,,,43.29244715,43.36933242,44.56095158,42.4362599,41.0703793,50.57521458,48.64106335,48.96253951,,,,
Finland,FIN,"PM2.5 air pollution, mean annual exposure (micrograms per cubic meter)",EN.ATM.PM25.MC.M3,,7.412718231,,,,,7.232851604,,,,,7.093878711,,,,,7.142454436,,,,,7.190331396,7.283699708,6.601133581,6.278689198,6.468639868,6.063834353,5.893757483,5.861331001,,,,
Fiji,FJI,"PM2.5 air pollution, mean annual exposure (micrograms per cubic meter)",EN.ATM.PM25.MC.M3,,13.06679233,,,,,12.95578021,,,,,13.13845363,,,,,12.90249547,,,,,13.53381346,13.83646142,12.85205328,12.14461761,11.92289283,11.64194513,11.05934316,10.8401599,,,,
France,FRA,"PM2.5 air pollution, mean annual exposure (micrograms per cubic meter)",EN.ATM.PM25.MC.M3,,15.84966725,,,,,15.27350321,,,,,14.72301795,,,,,14.70450609,,,,,14.84562127,14.87801926,13.83475371,13.5943087,12.28970307,12.74570798,11.85518422,11.81496362,,,,
Faroe Islands,FRO,"PM2.5 air pollution, mean annual exposure (micrograms per cubic meter)",EN.ATM.PM25.MC.M3,,,,,,,,,,,,,,,,,,,,,,,,,,,,,,,,,
"Micronesia, Fed. Sts.",FSM,"PM2.5 air pollution, mean annual exposure (micrograms per cubic meter)",EN.ATM.PM25.MC.M3,,14.01098216,,,,,14.07006258,,,,,14.12448447,,,,,14.00630093,,,,,13.7492452,13.7316521,12.97443872,12.74251533,11.86686885,11.72598465,11.13451107,11.28339944,,,,
Gabon,GAB,"PM2.5 air pollution, mean annual exposure (micrograms per cubic meter)",EN.ATM.PM25.MC.M3,,42.91521481,,,,,42.84732106,,,,,42.58917115,,,,,39.97835312,,,,,40.27757856,41.13028375,40.8140906,40.72566252,41.31956969,44.09590117,43.72065291,44.38554846,,,,
United Kingdom,GBR,"PM2.5 air pollution, mean annual exposure (micrograms per cubic meter)",EN.ATM.PM25.MC.M3,,13.50818671,,,,,13.00544434,,,,,12.61822928,,,,,12.53789689,,,,,12.29910815,12.84799901,11.81449494,11.61890149,10.80055978,10.75487287,10.50466684,10.47269039,,,,
Georgia,GEO,"PM2.5 air pollution, mean annual exposure (micrograms per cubic meter)",EN.ATM.PM25.MC.M3,,26.52648592,,,,,25.27307039,,,,,25.27380103,,,,,25.62728402,,,,,26.10123773,26.78360332,25.00284928,23.91020353,22.96670742,24.25264627,21.82963618,22.19605462,,,,
Ghana,GHA,"PM2.5 air pollution, mean annual exposure (micrograms per cubic meter)",EN.ATM.PM25.MC.M3,,35.59497922,,,,,34.75965465,,,,,35.03722259,,,,,26.80667242,,,,,27.36828359,28.21169897,28.89742723,27.81534006,25.8895233,34.68190071,36.25265622,34.7135141,,,,
Gibraltar,GIB,"PM2.5 air pollution, mean annual exposure (micrograms per cubic meter)",EN.ATM.PM25.MC.M3,,,,,,,,,,,,,,,,,,,,,,,,,,,,,,,,,
Guinea,GIN,"PM2.5 air pollution, mean annual exposure (micrograms per cubic meter)",EN.ATM.PM25.MC.M3,,24.69337283,,,,,24.18143289,,,,,24.03487457,,,,,22.44512582,,,,,21.97102786,22.44535934,22.98996509,21.25856145,21.19667275,26.94288524,24.77771417,26.0624902,,,,
"Gambia, The",GMB,"PM2.5 air pollution, mean annual exposure (micrograms per cubic meter)",EN.ATM.PM25.MC.M3,,35.29382272,,,,,34.77638077,,,,,34.60088048,,,,,30.28366896,,,,,30.20126341,29.26492223,30.72906478,29.80467273,30.62189539,36.30538082,32.61530208,33.98263855,,,,
Guinea-Bissau,GNB,"PM2.5 air pollution, mean annual exposure (micrograms per cubic meter)",EN.ATM.PM25.MC.M3,,30.58919369,,,,,30.47041868,,,,,30.45688456,,,,,26.84057022,,,,,26.83635957,27.38943995,27.0902178,26.52420728,26.94095978,31.79127202,29.58586773,29.77470228,,,,
Equatorial Guinea,GNQ,"PM2.5 air pollution, mean annual exposure (micrograms per cubic meter)",EN.ATM.PM25.MC.M3,,51.3694975,,,,,52.10080722,,,,,51.73967079,,,,,45.58395304,,,,,46.18648655,46.85258767,45.23237247,43.62579322,44.30179969,52.63437057,54.50903017,53.24062104,,,,
Greece,GRC,"PM2.5 air pollution, mean annual exposure (micrograms per cubic meter)",EN.ATM.PM25.MC.M3,,20.64297007,,,,,19.82827375,,,,,19.91860796,,,,,19.30810369,,,,,19.06108814,20.00154124,18.4207689,17.77941628,17.36504185,17.74055711,16.3289203,16.21826638,,,,
Grenada,GRD,"PM2.5 air pollution, mean annual exposure (micrograms per cubic meter)",EN.ATM.PM25.MC.M3,,27.73305723,,,,,27.73430716,,,,,27.48290026,,,,,27.77715503,,,,,27.47290781,28.13951521,26.46891843,25.84730814,24.28703113,24.16278293,22.88869124,22.72268748,,,,
Greenland,GRL,"PM2.5 air pollution, mean annual exposure (micrograms per cubic meter)",EN.ATM.PM25.MC.M3,,15.07685064,,,,,15.15751939,,,,,13.95706313,,,,,13.76893349,,,,,13.92232395,14.09660544,13.40669025,12.75796756,12.51054773,11.76203951,11.57250485,11.60217946,,,,
Guatemala,GTM,"PM2.5 air pollution, mean annual exposure (micrograms per cubic meter)",EN.ATM.PM25.MC.M3,,29.51331919,,,,,30.16835293,,,,,31.06172747,,,,,31.4646525,,,,,29.98259025,31.72733122,29.88625889,30.05682402,26.52785542,25.0727261,23.79782877,24.07064893,,,,
Guam,GUM,"PM2.5 air pollution, mean annual exposure (micrograms per cubic meter)",EN.ATM.PM25.MC.M3,,11.81600956,,,,,11.8129179,,,,,14.31416192,,,,,13.80854309,,,,,13.88834049,14.1035329,13.24230178,12.78879461,12.02255289,12.53178352,11.65176784,11.63440681,,,,
Guyana,GUY,"PM2.5 air pollution, mean annual exposure (micrograms per cubic meter)",EN.ATM.PM25.MC.M3,,24.94626221,,,,,24.43404161,,,,,27.39095384,,,,,27.77781074,,,,,27.31186474,27.92942466,26.90129942,24.85550257,23.64826569,23.88788174,22.37149881,22.37557463,,,,
High income,HIC,"PM2.5 air pollution, mean annual exposure (micrograms per cubic meter)",EN.ATM.PM25.MC.M3,,16.71785098,,,,,16.27100355,,,,,16.23509868,,,,,16.33492682,,,,,16.67613578,16.97039463,16.08487055,15.87096801,14.9872526,15.80825731,14.51796705,14.68040146,,,,
"Hong Kong SAR, China",HKG,"PM2.5 air pollution, mean annual exposure (micrograms per cubic meter)",EN.ATM.PM25.MC.M3,,,,,,,,,,,,,,,,,,,,,,,,,,,,,,,,,
Honduras,HND,"PM2.5 air pollution, mean annual exposure (micrograms per cubic meter)",EN.ATM.PM25.MC.M3,,27.11257224,,,,,27.80802581,,,,,27.57162526,,,,,28.07955146,,,,,26.88295242,28.90074716,27.44714935,27.68413611,23.16154008,22.40619622,21.08695992,20.62885065,,,,
Heavily indebted poor countries (HIPC),HPC,"PM2.5 air pollution, mean annual exposure (micrograms per cubic meter)",EN.ATM.PM25.MC.M3,,39.83219005,,,,,39.85852393,,,,,39.65523951,,,,,37.75304478,,,,,37.1940271,37.92088319,38.51238609,37.22897296,36.42474075,41.41295603,40.50478998,40.71816288,,,,
Croatia,HRV,"PM2.5 air pollution, mean annual exposure (micrograms per cubic meter)",EN.ATM.PM25.MC.M3,,21.93869129,,,,,20.925025,,,,,21.51238502,,,,,22.12263296,,,,,21.33471864,21.96600369,20.2024228,19.58696201,18.43310352,19.20668151,17.78931891,17.90177229,,,,
Haiti,HTI,"PM2.5 air pollution, mean annual exposure (micrograms per cubic meter)",EN.ATM.PM25.MC.M3,,17.30372331,,,,,18.26293938,,,,,17.77978999,,,,,17.46177208,,,,,17.7952414,18.75791703,17.48024488,16.76701123,16.26222456,15.5402773,15.08648313,15.01982438,,,,
Hungary,HUN,"PM2.5 air pollution, mean annual exposure (micrograms per cubic meter)",EN.ATM.PM25.MC.M3,,21.83986141,,,,,20.01744577,,,,,18.98184965,,,,,19.46655171,,,,,19.13552438,19.36069,17.52996008,17.2318312,16.31532793,17.23213014,15.88535024,15.92604819,,,,
IBRD only,IBD,"PM2.5 air pollution, mean annual exposure (micrograms per cubic meter)",EN.ATM.PM25.MC.M3,,50.76441359,,,,,51.50610716,,,,,52.90123798,,,,,56.63905084,,,,,59.48728898,60.12417594,55.27877501,56.62388004,53.90634024,53.89227995,51.59450004,52.02300872,,,,
IDA & IBRD total,IBT,"PM2.5 air pollution, mean annual exposure (micrograms per cubic meter)",EN.ATM.PM25.MC.M3,,50.48690207,,,,,51.02296935,,,,,52.02523788,,,,,54.70633808,,,,,56.72743663,57.23840601,53.50514008,53.98641271,51.73791416,53.06036771,50.81007237,51.17696815,,,,
IDA total,IDA,"PM2.5 air pollution, mean annual exposure (micrograms per cubic meter)",EN.ATM.PM25.MC.M3,,49.32787525,,,,,49.1209186,,,,,48.78060926,,,,,47.99945818,,,,,47.76724485,47.98817229,47.88718776,45.73114703,45.03305905,50.52035915,48.44587399,48.66030982,,,,
IDA blend,IDB,"PM2.5 air pollution, mean annual exposure (micrograms per cubic meter)",EN.ATM.PM25.MC.M3,,57.92593936,,,,,56.98231202,,,,,56.384957,,,,,54.35061924,,,,,53.7071642,53.47948039,52.97394483,49.92102481,48.73760343,59.35402426,57.06969787,57.16109317,,,,
Indonesia,IDN,"PM2.5 air pollution, mean annual exposure (micrograms per cubic meter)",EN.ATM.PM25.MC.M3,,18.05281101,,,,,18.16476574,,,,,17.87738998,,,,,18.92663745,,,,,18.16928033,18.04965117,18.17016951,16.87918132,16.45463183,16.64028042,16.38415363,16.5026533,,,,
IDA only,IDX,"PM2.5 air pollution, mean annual exposure (micrograms per cubic meter)",EN.ATM.PM25.MC.M3,,44.99777204,,,,,45.17366676,,,,,44.95688114,,,,,44.82155292,,,,,44.78226926,45.22259958,45.32138318,43.61439438,43.15877562,46.0458936,44.0742182,44.34911151,,,,
Isle of Man,IMN,"PM2.5 air pollution, mean annual exposure (micrograms per cubic meter)",EN.ATM.PM25.MC.M3,,,,,,,,,,,,,,,,,,,,,,,,,,,,,,,,,
India,IND,"PM2.5 air pollution, mean annual exposure (micrograms per cubic meter)",EN.ATM.PM25.MC.M3,,81.29063063,,,,,82.77130187,,,,,84.16480618,,,,,90.3264588,,,,,95.75817945,97.59937863,88.1694406,91.80479161,89.62238269,89.3033343,89.67217693,90.87321047,,,,
Not classified,INX,"PM2.5 air pollution, mean annual exposure (micrograms per cubic meter)",EN.ATM.PM25.MC.M3,,,,,,,,,,,,,,,,,,,,,,,,,,,,,,,,,
Ireland,IRL,"PM2.5 air pollution, mean annual exposure (micrograms per cubic meter)",EN.ATM.PM25.MC.M3,,10.40502692,,,,,10.14926046,,,,,10.13777616,,,,,9.922228363,,,,,9.976375087,10.28507938,9.522691993,9.360153635,8.750521533,8.672473458,8.279163345,8.208576735,,,,
"Iran, Islamic Rep.",IRN,"PM2.5 air pollution, mean annual exposure (micrograms per cubic meter)",EN.ATM.PM25.MC.M3,,38.07173913,,,,,37.72776301,,,,,38.41777736,,,,,37.62776384,,,,,38.65150179,38.0496892,38.54205244,38.10109206,38.10949306,39.61053238,38.84130248,38.97876028,,,,
Iraq,IRQ,"PM2.5 air pollution, mean annual exposure (micrograms per cubic meter)",EN.ATM.PM25.MC.M3,,63.71657184,,,,,63.26491987,,,,,62.45795718,,,,,62.8517892,,,,,68.71140482,66.36260979,66.84207687,63.80269591,56.56703027,66.26503791,63.95479607,61.63623571,,,,
Iceland,ISL,"PM2.5 air pollution, mean annual exposure (micrograms per cubic meter)",EN.ATM.PM25.MC.M3,,8.430091258,,,,,8.171578825,,,,,7.954558321,,,,,7.84294641,,,,,7.856536667,8.098884846,7.33692926,7.171207035,6.948896646,6.927968941,6.60765416,6.481147263,,,,
Israel,ISR,"PM2.5 air pollution, mean annual exposure (micrograms per cubic meter)",EN.ATM.PM25.MC.M3,,24.81052732,,,,,24.31730739,,,,,24.50362411,,,,,22.98279394,,,,,24.01923772,23.90468673,23.03884904,22.94633022,22.05914688,22.7797827,20.76570151,21.38110224,,,,
Italy,ITA,"PM2.5 air pollution, mean annual exposure (micrograms per cubic meter)",EN.ATM.PM25.MC.M3,,21.31972951,,,,,20.27006829,,,,,19.77733481,,,,,19.60087766,,,,,19.02523065,19.99426671,18.10524741,17.75772244,17.76927084,17.89144517,16.49037374,16.75071194,,,,
Jamaica,JAM,"PM2.5 air pollution, mean annual exposure (micrograms per cubic meter)",EN.ATM.PM25.MC.M3,,15.95386452,,,,,15.91905265,,,,,15.89381632,,,,,16.00963133,,,,,16.09171498,16.54249891,15.46047097,14.93139975,14.07433169,14.1766593,13.39596321,13.40415053,,,,
Jordan,JOR,"PM2.5 air pollution, mean annual exposure (micrograms per cubic meter)",EN.ATM.PM25.MC.M3,,35.34311707,,,,,34.60585976,,,,,33.51144474,,,,,32.4828384,,,,,33.55056636,33.01726148,33.01693524,33.41761072,33.20542058,34.30544926,33.17661668,33.00608118,,,,
Japan,JPN,"PM2.5 air pollution, mean annual exposure (micrograms per cubic meter)",EN.ATM.PM25.MC.M3,,14.41635955,,,,,14.31252428,,,,,14.20962576,,,,,14.34866645,,,,,14.14233824,14.14103105,13.12887233,13.36255833,12.58661692,12.68745973,11.62392259,11.70477819,,,,
Kazakhstan,KAZ,"PM2.5 air pollution, mean annual exposure (micrograms per cubic meter)",EN.ATM.PM25.MC.M3,,16.87025189,,,,,15.73268837,,,,,15.94476469,,,,,15.61864066,,,,,15.91449319,15.24383546,14.48103768,14.5985643,13.74975351,14.38480208,13.08443846,13.82428836,,,,
Kenya,KEN,"PM2.5 air pollution, mean annual exposure (micrograms per cubic meter)",EN.ATM.PM25.MC.M3,,28.54755209,,,,,28.52077778,,,,,28.38549871,,,,,27.47729884,,,,,28.15477084,28.66288466,29.37227988,28.93534528,28.94935013,28.53628017,28.58337727,28.57837427,,,,
Kyrgyz Republic,KGZ,"PM2.5 air pollution, mean annual exposure (micrograms per cubic meter)",EN.ATM.PM25.MC.M3,,26.15659834,,,,,25.43575825,,,,,27.08021965,,,,,26.77744197,,,,,27.26538617,27.51760207,25.48983252,25.44035534,23.29819153,24.34473551,23.1955558,22.73776806,,,,
Cambodia,KHM,"PM2.5 air pollution, mean annual exposure (micrograms per cubic meter)",EN.ATM.PM25.MC.M3,,29.47759664,,,,,30.0668419,,,,,29.97403414,,,,,31.40893477,,,,,31.34313632,30.91962359,31.28373261,30.33652957,28.58336628,26.76923854,25.20287478,25.61429187,,,,
Kiribati,KIR,"PM2.5 air pollution, mean annual exposure (micrograms per cubic meter)",EN.ATM.PM25.MC.M3,,13.11509091,,,,,13.42802016,,,,,13.52196482,,,,,13.34558892,,,,,13.17504079,13.35815463,12.59423175,12.32529751,11.39374232,11.51431847,10.53783926,10.64085586,,,,
St. Kitts and Nevis,KNA,"PM2.5 air pollution, mean annual exposure (micrograms per cubic meter)",EN.ATM.PM25.MC.M3,,,,,,,,,,,,,,,,,,,,,,,,,,,,,,,,,
"Korea, Rep.",KOR,"PM2.5 air pollution, mean annual exposure (micrograms per cubic meter)",EN.ATM.PM25.MC.M3,,29.33102172,,,,,29.52063135,,,,,29.76546929,,,,,30.40690403,,,,,29.80201,29.68119454,27.91595259,29.46191729,27.21311037,28.2142437,25.09854067,25.03942539,,,,
Kuwait,KWT,"PM2.5 air pollution, mean annual exposure (micrograms per cubic meter)",EN.ATM.PM25.MC.M3,,60.55584843,,,,,60.0572982,,,,,61.48199413,,,,,59.67398738,,,,,62.74398094,62.82540677,64.07091103,62.61130895,55.62390422,65.40607715,60.84385161,60.74515954,,,,
Latin America & Caribbean (excluding high income),LAC,"PM2.5 air pollution, mean annual exposure (micrograms per cubic meter)",EN.ATM.PM25.MC.M3,,19.52495056,,,,,19.93404939,,,,,20.755371,,,,,21.0276711,,,,,21.02868404,21.46085515,20.40542422,19.74836974,18.34128533,17.69022559,16.67342744,16.66406446,,,,
Lao PDR,LAO,"PM2.5 air pollution, mean annual exposure (micrograms per cubic meter)",EN.ATM.PM25.MC.M3,,26.5362993,,,,,27.09515908,,,,,27.54506764,,,,,30.17021033,,,,,31.73199577,29.66966026,30.29741812,30.25948938,28.39017177,26.13948876,25.80101805,25.10953834,,,,
Lebanon,LBN,"PM2.5 air pollution, mean annual exposure (micrograms per cubic meter)",EN.ATM.PM25.MC.M3,,30.34220406,,,,,29.84509316,,,,,30.61420693,,,,,30.02476838,,,,,30.89212513,30.06910747,30.10805188,30.58809767,30.44456692,31.22929528,30.17186865,30.62111051,,,,
Liberia,LBR,"PM2.5 air pollution, mean annual exposure (micrograms per cubic meter)",EN.ATM.PM25.MC.M3,,17.12342903,,,,,17.17619463,,,,,17.25314331,,,,,16.02440579,,,,,15.24919691,16.14705151,16.28820747,15.38285732,14.94227071,18.21280418,17.88677836,17.98411246,,,,
Libya,LBY,"PM2.5 air pollution, mean annual exposure (micrograms per cubic meter)",EN.ATM.PM25.MC.M3,,45.06348692,,,,,46.71104239,,,,,46.25517373,,,,,47.12618829,,,,,50.1472295,44.63173396,44.9113635,49.2794823,47.50123391,51.53264014,52.1292063,54.25468179,,,,
St. Lucia,LCA,"PM2.5 air pollution, mean annual exposure (micrograms per cubic meter)",EN.ATM.PM25.MC.M3,,26.71198527,,,,,26.84988155,,,,,27.09613315,,,,,26.98484975,,,,,27.63597227,28.07865593,26.36748478,25.44480168,24.23630259,24.28323968,22.35339926,22.40081712,,,,
Latin America & Caribbean,LCN,"PM2.5 air pollution, mean annual exposure (micrograms per cubic meter)",EN.ATM.PM25.MC.M3,,19.60867353,,,,,19.9836058,,,,,20.80459203,,,,,21.06966174,,,,,21.05366404,21.5091,20.44059804,19.76987714,18.39178755,17.75361437,16.69979803,16.70843563,,,,
Least developed countries: UN classification,LDC,"PM2.5 air pollution, mean annual exposure (micrograms per cubic meter)",EN.ATM.PM25.MC.M3,,45.98717812,,,,,46.24847665,,,,,46.05910753,,,,,46.22075055,,,,,46.03857336,46.41889864,46.58337174,44.80235974,44.43084327,47.03638828,44.936328,45.28857235,,,,
Low income,LIC,"PM2.5 air pollution, mean annual exposure (micrograms per cubic meter)",EN.ATM.PM25.MC.M3,,41.96846092,,,,,42.22660706,,,,,41.7875987,,,,,40.18909293,,,,,39.90443819,40.80741721,41.14294756,40.11094929,39.09743951,43.85541222,42.60216197,42.88245729,,,,
Liechtenstein,LIE,"PM2.5 air pollution, mean annual exposure (micrograms per cubic meter)",EN.ATM.PM25.MC.M3,,,,,,,,,,,,,,,,,,,,,,,,,,,,,,,,,
Sri Lanka,LKA,"PM2.5 air pollution, mean annual exposure (micrograms per cubic meter)",EN.ATM.PM25.MC.M3,,29.76850353,,,,,30.18607255,,,,,30.8557618,,,,,30.95673529,,,,,31.03378115,31.23207466,30.08397283,28.89822769,26.92277652,25.33734371,14.02544523,11.09961724,,,,
Lower middle income,LMC,"PM2.5 air pollution, mean annual exposure (micrograms per cubic meter)",EN.ATM.PM25.MC.M3,,59.11047508,,,,,59.58511947,,,,,60.34055696,,,,,63.23238281,,,,,65.6730331,66.09984148,61.86829086,62.50082169,61.22016264,63.17769856,62.29024182,62.74331787,,,,
Low & middle income,LMY,"PM2.5 air pollution, mean annual exposure (micrograms per cubic meter)",EN.ATM.PM25.MC.M3,,51.00841999,,,,,51.55323982,,,,,52.55481907,,,,,55.24484812,,,,,57.26425524,57.77376437,54.00417496,54.51028618,52.23376429,53.57571934,51.29115847,51.6542843,,,,
Lesotho,LSO,"PM2.5 air pollution, mean annual exposure (micrograms per cubic meter)",EN.ATM.PM25.MC.M3,,30.70374352,,,,,31.66103372,,,,,31.49014676,,,,,30.098923,,,,,32.24059762,31.3547412,31.21324307,32.14869782,33.08010261,30.88497707,28.33683335,28.02865352,,,,
Late-demographic dividend,LTE,"PM2.5 air pollution, mean annual exposure (micrograms per cubic meter)",EN.ATM.PM25.MC.M3,,44.76652883,,,,,45.20970163,,,,,46.5004447,,,,,49.97587442,,,,,52.07759633,52.67024141,48.1958678,49.03485852,45.08102178,44.59378578,39.83063838,40.06277649,,,,
Lithuania,LTU,"PM2.5 air pollution, mean annual exposure (micrograms per cubic meter)",EN.ATM.PM25.MC.M3,,16.39810163,,,,,15.00076058,,,,,14.4281323,,,,,14.46207088,,,,,14.97106496,14.50968278,13.78452468,12.98119203,12.84519425,12.45503512,11.82161558,11.85328236,,,,
Luxembourg,LUX,"PM2.5 air pollution, mean annual exposure (micrograms per cubic meter)",EN.ATM.PM25.MC.M3,,13.69446214,,,,,12.94762576,,,,,12.56956635,,,,,12.35553519,,,,,12.95878369,12.68599568,11.77557609,11.6053841,10.85761339,11.00665465,10.31198129,10.3646374,,,,
Latvia,LVA,"PM2.5 air pollution, mean annual exposure (micrograms per cubic meter)",EN.ATM.PM25.MC.M3,,19.02341913,,,,,17.31863105,,,,,16.71996638,,,,,16.85589453,,,,,17.11506451,16.5726763,15.59855973,14.88430819,14.8790851,13.9682016,13.44747197,13.42645752,,,,
"Macao SAR, China",MAC,"PM2.5 air pollution, mean annual exposure (micrograms per cubic meter)",EN.ATM.PM25.MC.M3,,,,,,,,,,,,,,,,,,,,,,,,,,,,,,,,,
St. Martin (French part),MAF,"PM2.5 air pollution, mean annual exposure (micrograms per cubic meter)",EN.ATM.PM25.MC.M3,,,,,,,,,,,,,,,,,,,,,,,,,,,,,,,,,
Morocco,MAR,"PM2.5 air pollution, mean annual exposure (micrograms per cubic meter)",EN.ATM.PM25.MC.M3,,30.25549178,,,,,30.42096496,,,,,30.96744832,,,,,30.96781344,,,,,29.6489603,29.26656426,27.79028358,29.25951913,29.94944999,31.44008691,32.93537423,32.59354146,,,,
Monaco,MCO,"PM2.5 air pollution, mean annual exposure (micrograms per cubic meter)",EN.ATM.PM25.MC.M3,,,,,,,,,,,,,,,,,,,,,,,,,,,,,,,,,
Moldova,MDA,"PM2.5 air pollution, mean annual exposure (micrograms per cubic meter)",EN.ATM.PM25.MC.M3,,22.84505236,,,,,20.89016132,,,,,19.58110083,,,,,19.14452152,,,,,19.11610415,19.92486817,18.40928474,17.43239973,16.72646105,17.07913959,16.36379754,16.25103271,,,,
Madagascar,MDG,"PM2.5 air pollution, mean annual exposure (micrograms per cubic meter)",EN.ATM.PM25.MC.M3,,22.27356007,,,,,22.29494821,,,,,21.8724009,,,,,23.29406281,,,,,22.66201053,23.36285963,22.71642527,23.90916176,23.51776666,22.95040117,22.89570824,22.54228288,,,,
Maldives,MDV,"PM2.5 air pollution, mean annual exposure (micrograms per cubic meter)",EN.ATM.PM25.MC.M3,,11.43291943,,,,,11.50939536,,,,,11.08953254,,,,,11.43535931,,,,,11.30982939,11.78963462,11.1574823,10.56967928,9.921230863,9.37394394,7.972428925,7.795820799,,,,
Middle East & North Africa,MEA,"PM2.5 air pollution, mean annual exposure (micrograms per cubic meter)",EN.ATM.PM25.MC.M3,,50.21142476,,,,,49.45882642,,,,,50.41402871,,,,,49.82412608,,,,,51.81086059,50.26054584,51.06016051,51.94044034,50.52292925,57.0183405,55.80675019,55.66796618,,,,
Mexico,MEX,"PM2.5 air pollution, mean annual exposure (micrograms per cubic meter)",EN.ATM.PM25.MC.M3,,23.51655782,,,,,24.13661024,,,,,26.77918216,,,,,26.86289992,,,,,26.365439,27.74129679,25.98165883,25.44908967,23.09968975,22.13299585,20.70682854,20.92111579,,,,
Marshall Islands,MHL,"PM2.5 air pollution, mean annual exposure (micrograms per cubic meter)",EN.ATM.PM25.MC.M3,,13.06359474,,,,,13.3383996,,,,,13.04341192,,,,,12.92691993,,,,,12.94670836,12.93217057,12.12353358,11.87438859,11.07022018,10.83766846,10.15200199,10.24133222,,,,
Middle income,MIC,"PM2.5 air pollution, mean annual exposure (micrograms per cubic meter)",EN.ATM.PM25.MC.M3,,51.69606775,,,,,52.30972145,,,,,53.48715684,,,,,56.65697808,,,,,59.02960583,59.52432949,55.34951766,56.03692574,53.64558605,54.63514188,52.25184134,52.63830719,,,,
North Macedonia,MKD,"PM2.5 air pollution, mean annual exposure (micrograms per cubic meter)",EN.ATM.PM25.MC.M3,,41.87047581,,,,,39.93755917,,,,,36.3982167,,,,,35.63304687,,,,,34.45696977,38.0831195,34.65781455,32.01504863,31.79054123,31.97598914,29.59326907,29.72694451,,,,
Mali,MLI,"PM2.5 air pollution, mean annual exposure (micrograms per cubic meter)",EN.ATM.PM25.MC.M3,,41.52876825,,,,,40.57247992,,,,,39.80005538,,,,,37.84408134,,,,,36.39765973,35.14164437,34.7002263,32.30682338,33.91611574,41.92692766,38.48039528,38.52660616,,,,
Malta,MLT,"PM2.5 air pollution, mean annual exposure (micrograms per cubic meter)",EN.ATM.PM25.MC.M3,,16.85487078,,,,,16.66174535,,,,,16.5349456,,,,,16.10447805,,,,,16.4493999,16.64430398,15.39716095,15.28194422,14.43540357,14.72246254,13.81139444,13.90954337,,,,
Myanmar,MMR,"PM2.5 air pollution, mean annual exposure (micrograms per cubic meter)",EN.ATM.PM25.MC.M3,,39.80947392,,,,,40.76525561,,,,,39.36165302,,,,,43.3214544,,,,,44.05611525,43.61990347,42.5228124,42.88286944,40.28896854,38.51378205,36.033701,35.55745292,,,,
Middle East & North Africa (excluding high income),MNA,"PM2.5 air pollution, mean annual exposure (micrograms per cubic meter)",EN.ATM.PM25.MC.M3,,49.26775564,,,,,48.34762727,,,,,48.93708784,,,,,48.43021643,,,,,50.15897525,48.26755615,48.80964791,49.96638447,49.22638494,54.46832322,54.37185471,53.85619423,,,,
Montenegro,MNE,"PM2.5 air pollution, mean annual exposure (micrograms per cubic meter)",EN.ATM.PM25.MC.M3,,28.59908877,,,,,27.80047525,,,,,26.00124623,,,,,25.56279261,,,,,25.0554063,26.62922388,24.68030289,23.27422599,21.94705168,22.55969129,20.92405137,20.78181355,,,,
Mongolia,MNG,"PM2.5 air pollution, mean annual exposure (micrograms per cubic meter)",EN.ATM.PM25.MC.M3,,37.91553694,,,,,36.83717825,,,,,39.03252666,,,,,39.72640499,,,,,43.30465329,45.36017005,42.6543748,42.32131127,39.29514006,42.51464988,38.22281711,40.11284905,,,,
Northern Mariana Islands,MNP,"PM2.5 air pollution, mean annual exposure (micrograms per cubic meter)",EN.ATM.PM25.MC.M3,,11.41490119,,,,,11.40998512,,,,,12.18124211,,,,,11.86877124,,,,,11.926381,12.19962657,11.43999611,10.96502021,10.3134722,10.39771204,9.91775575,9.892981129,,,,
Mozambique,MOZ,"PM2.5 air pollution, mean annual exposure (micrograms per cubic meter)",EN.ATM.PM25.MC.M3,,23.38285769,,,,,22.79658067,,,,,22.68627092,,,,,22.66323062,,,,,23.56146872,22.6090715,22.86760109,22.63615999,22.61416414,21.90588194,21.47182554,21.29869546,,,,
Mauritania,MRT,"PM2.5 air pollution, mean annual exposure (micrograms per cubic meter)",EN.ATM.PM25.MC.M3,,50.06832036,,,,,48.41496384,,,,,48.86025116,,,,,41.87260231,,,,,39.63741338,40.04314497,42.34351169,40.21579155,43.11078408,49.49825592,46.66758772,47.42299178,,,,
Mauritius,MUS,"PM2.5 air pollution, mean annual exposure (micrograms per cubic meter)",EN.ATM.PM25.MC.M3,,15.77292981,,,,,15.75657978,,,,,15.39803836,,,,,15.53724944,,,,,15.1947729,15.20170165,15.24585596,15.55617651,15.29264823,14.44195579,14.34637947,14.45782732,,,,
Malawi,MWI,"PM2.5 air pollution, mean annual exposure (micrograms per cubic meter)",EN.ATM.PM25.MC.M3,,26.46902936,,,,,26.38950545,,,,,26.14208568,,,,,25.62740602,,,,,25.6961984,25.16500891,25.73840151,24.68347878,25.19822884,24.53742932,23.09261542,23.56592147,,,,
Malaysia,MYS,"PM2.5 air pollution, mean annual exposure (micrograms per cubic meter)",EN.ATM.PM25.MC.M3,,17.29444937,,,,,17.68253178,,,,,18.07616946,,,,,19.37781101,,,,,18.59375306,19.20260869,19.1822225,17.55444704,16.92315529,17.44091023,15.75128619,16.03580871,,,,
North America,NAC,"PM2.5 air pollution, mean annual exposure (micrograms per cubic meter)",EN.ATM.PM25.MC.M3,,9.554770848,,,,,9.421869948,,,,,9.404172572,,,,,9.501231017,,,,,9.263171352,9.630811687,8.914901948,8.641442734,8.142225648,7.973349587,7.32104817,7.311074733,,,,
Namibia,NAM,"PM2.5 air pollution, mean annual exposure (micrograms per cubic meter)",EN.ATM.PM25.MC.M3,,28.74978965,,,,,27.49759667,,,,,27.43381856,,,,,27.61976141,,,,,27.65989633,27.01015451,26.79870806,27.09281609,26.01812153,26.91001673,25.55214196,25.3587654,,,,
New Caledonia,NCL,"PM2.5 air pollution, mean annual exposure (micrograms per cubic meter)",EN.ATM.PM25.MC.M3,,,,,,,,,,,,,,,,,,,,,,,,,,,,,,,,,
Niger,NER,"PM2.5 air pollution, mean annual exposure (micrograms per cubic meter)",EN.ATM.PM25.MC.M3,,90.59636837,,,,,88.63160196,,,,,87.50676266,,,,,73.43849329,,,,,69.15017669,72.98276678,72.54464459,63.03171725,60.54135722,87.28128201,87.70847201,94.05381768,,,,
Nigeria,NGA,"PM2.5 air pollution, mean annual exposure (micrograms per cubic meter)",EN.ATM.PM25.MC.M3,,72.12557597,,,,,68.71003624,,,,,67.5543285,,,,,59.65813988,,,,,52.60906391,50.97308923,56.1296377,49.74068894,48.63337361,75.39899187,71.369601,71.79817438,,,,
Nicaragua,NIC,"PM2.5 air pollution, mean annual exposure (micrograms per cubic meter)",EN.ATM.PM25.MC.M3,,22.60015976,,,,,22.34790325,,,,,23.0534074,,,,,23.02943656,,,,,22.4922691,22.47952015,22.35271161,21.92907575,19.38772134,18.56913277,17.7277291,17.61418045,,,,
Netherlands,NLD,"PM2.5 air pollution, mean annual exposure (micrograms per cubic meter)",EN.ATM.PM25.MC.M3,,16.469403,,,,,15.56169523,,,,,14.92868009,,,,,14.57801781,,,,,15.23243025,14.98813864,13.81241373,13.04314511,12.82879707,12.93210515,12.02524278,12.03440807,,,,
Norway,NOR,"PM2.5 air pollution, mean annual exposure (micrograms per cubic meter)",EN.ATM.PM25.MC.M3,,8.995380402,,,,,8.793261258,,,,,8.668866155,,,,,8.35949071,,,,,8.341507223,8.853510781,7.925281241,7.633674824,7.670895927,7.242775336,6.95945733,6.956519803,,,,
Nepal,NPL,"PM2.5 air pollution, mean annual exposure (micrograms per cubic meter)",EN.ATM.PM25.MC.M3,,87.59845477,,,,,90.68716449,,,,,88.9430217,,,,,93.21824756,,,,,100.7844279,100.7660607,96.96329149,95.31398561,98.11601657,96.25276818,98.05471403,99.73437372,,,,
Nauru,NRU,"PM2.5 air pollution, mean annual exposure (micrograms per cubic meter)",EN.ATM.PM25.MC.M3,,,,,,,,,,,,,,,,,,,,,,,,,,,,,,,,,
New Zealand,NZL,"PM2.5 air pollution, mean annual exposure (micrograms per cubic meter)",EN.ATM.PM25.MC.M3,,7.143831418,,,,,7.204397399,,,,,7.162288498,,,,,7.037087279,,,,,7.152865691,7.420696435,6.83583564,6.781885551,6.357903512,6.33043381,5.987363154,5.956001129,,,,
OECD members,OED,"PM2.5 air pollution, mean annual exposure (micrograms per cubic meter)",EN.ATM.PM25.MC.M3,,17.35185099,,,,,16.96317601,,,,,17.03702054,,,,,17.05446172,,,,,17.15336173,17.28235435,16.32127016,16.07862334,15.34519282,15.4634211,14.48840414,14.53432999,,,,
Oman,OMN,"PM2.5 air pollution, mean annual exposure (micrograms per cubic meter)",EN.ATM.PM25.MC.M3,,40.18764563,,,,,39.60269064,,,,,39.85528916,,,,,39.65527175,,,,,37.51533394,39.10379482,40.73328348,41.0527687,37.71088051,42.62758972,41.78219181,41.11523827,,,,
Other small states,OSS,"PM2.5 air pollution, mean annual exposure (micrograms per cubic meter)",EN.ATM.PM25.MC.M3,,29.32745043,,,,,29.46678358,,,,,29.67260315,,,,,29.61892832,,,,,32.36460693,32.46156738,33.51364608,33.42422092,32.46593902,35.84468074,34.25449606,34.75438881,,,,
Pakistan,PAK,"PM2.5 air pollution, mean annual exposure (micrograms per cubic meter)",EN.ATM.PM25.MC.M3,,60.33465901,,,,,61.43286665,,,,,61.10602749,,,,,63.37843689,,,,,68.00519044,68.54493561,62.37664629,61.02216287,59.51836271,60.08589291,58.63276393,58.28241877,,,,
Panama,PAN,"PM2.5 air pollution, mean annual exposure (micrograms per cubic meter)",EN.ATM.PM25.MC.M3,,13.12754571,,,,,13.20617049,,,,,14.38301431,,,,,14.11531568,,,,,14.13891846,14.29603899,13.97236651,13.3978705,12.92161513,12.49074394,11.46554742,11.40005433,,,,
Peru,PER,"PM2.5 air pollution, mean annual exposure (micrograms per cubic meter)",EN.ATM.PM25.MC.M3,,28.52093796,,,,,29.50529745,,,,,30.27366253,,,,,32.29922942,,,,,31.50257401,31.57116569,30.49445583,29.74308641,27.5826726,26.03726793,25.54274604,24.78672805,,,,
Philippines,PHL,"PM2.5 air pollution, mean annual exposure (micrograms per cubic meter)",EN.ATM.PM25.MC.M3,,22.116036,,,,,21.97021787,,,,,22.20389703,,,,,22.81857109,,,,,23.59231552,22.75483447,22.54958361,21.21628777,20.25958716,19.58154202,18.22692834,18.06979891,,,,
Palau,PLW,"PM2.5 air pollution, mean annual exposure (micrograms per cubic meter)",EN.ATM.PM25.MC.M3,,,,,,,,,,,,,,,,,,,,,,,,,,,,,,,,,
Papua New Guinea,PNG,"PM2.5 air pollution, mean annual exposure (micrograms per cubic meter)",EN.ATM.PM25.MC.M3,,15.12629938,,,,,14.63744926,,,,,14.75156315,,,,,14.52423915,,,,,14.94135871,15.51903383,14.60653316,13.95262793,13.24529823,13.2617261,12.61505599,12.29441826,,,,
Poland,POL,"PM2.5 air pollution, mean annual exposure (micrograms per cubic meter)",EN.ATM.PM25.MC.M3,,30.19942899,,,,,27.89182803,,,,,25.82218582,,,,,26.15121823,,,,,27.17650018,26.37250707,24.26397739,22.9287237,22.21089179,22.69131805,20.9757679,20.87782222,,,,
Pre-demographic dividend,PRE,"PM2.5 air pollution, mean annual exposure (micrograms per cubic meter)",EN.ATM.PM25.MC.M3,,49.08259361,,,,,48.11181655,,,,,47.56304788,,,,,44.37522862,,,,,42.33131682,42.38233536,44.09099895,41.55031179,40.54014676,50.26088908,48.38085889,48.63566273,,,,
Puerto Rico,PRI,"PM2.5 air pollution, mean annual exposure (micrograms per cubic meter)",EN.ATM.PM25.MC.M3,,8.23819126,,,,,8.233421567,,,,,10.4360024,,,,,10.39992619,,,,,10.37254851,10.57940611,9.96624445,9.703754136,9.089227717,8.920910287,8.342871258,8.349033339,,,,
"Korea, Dem. People's Rep.",PRK,"PM2.5 air pollution, mean annual exposure (micrograms per cubic meter)",EN.ATM.PM25.MC.M3,,38.45306514,,,,,38.35749164,,,,,38.16205775,,,,,39.09471427,,,,,39.34265696,38.89336879,36.40751446,37.13485586,35.2402154,37.41178381,31.75842415,32.00745162,,,,
Portugal,PRT,"PM2.5 air pollution, mean annual exposure (micrograms per cubic meter)",EN.ATM.PM25.MC.M3,,10.14053093,,,,,10.08459412,,,,,10.12369262,,,,,10.44970823,,,,,10.07688693,10.35501263,9.484802799,9.432044129,8.78479289,8.823283435,8.052763686,8.160752248,,,,
Paraguay,PRY,"PM2.5 air pollution, mean annual exposure (micrograms per cubic meter)",EN.ATM.PM25.MC.M3,,14.02361707,,,,,14.28826778,,,,,14.21308628,,,,,15.13047022,,,,,15.10292317,14.59811855,13.94830615,12.92656928,12.6410755,13.03807402,11.64932248,11.90908085,,,,
West Bank and Gaza,PSE,"PM2.5 air pollution, mean annual exposure (micrograms per cubic meter)",EN.ATM.PM25.MC.M3,,34.22575105,,,,,34.16200122,,,,,33.85375163,,,,,31.97449427,,,,,33.00667425,32.87331274,32.76945904,33.49296358,33.44828276,33.89141151,32.74206764,33.22563038,,,,
Pacific island small states,PSS,"PM2.5 air pollution, mean annual exposure (micrograms per cubic meter)",EN.ATM.PM25.MC.M3,,13.4350985,,,,,13.27941685,,,,,13.54323919,,,,,13.53666119,,,,,13.84473054,14.03611639,13.06153489,12.45048489,12.00545824,11.99834369,11.30303337,11.26764077,,,,
Post-demographic dividend,PST,"PM2.5 air pollution, mean annual exposure (micrograms per cubic meter)",EN.ATM.PM25.MC.M3,,15.55442144,,,,,14.87631995,,,,,14.48561471,,,,,14.38999826,,,,,14.17121836,14.41349867,13.35895876,13.13124654,12.43460939,12.53343157,11.60044766,11.59222905,,,,
French Polynesia,PYF,"PM2.5 air pollution, mean annual exposure (micrograms per cubic meter)",EN.ATM.PM25.MC.M3,,,,,,,,,,,,,,,,,,,,,,,,,,,,,,,,,
Qatar,QAT,"PM2.5 air pollution, mean annual exposure (micrograms per cubic meter)",EN.ATM.PM25.MC.M3,,91.63638866,,,,,89.9934996,,,,,83.53532806,,,,,85.32646863,,,,,84.12290235,81.2730055,89.24697128,88.89051503,78.83284035,94.40389119,88.22244652,91.18732793,,,,
Romania,ROU,"PM2.5 air pollution, mean annual exposure (micrograms per cubic meter)",EN.ATM.PM25.MC.M3,,20.31926367,,,,,18.57241501,,,,,17.69674039,,,,,17.15777611,,,,,17.06214749,17.63675464,16.31584539,15.36930935,15.00649546,15.43355526,14.53706284,14.61134019,,,,
Russian Federation,RUS,"PM2.5 air pollution, mean annual exposure (micrograms per cubic meter)",EN.ATM.PM25.MC.M3,,21.22334661,,,,,19.87333348,,,,,19.0540371,,,,,18.99521728,,,,,19.48031098,19.19151083,18.30433841,17.79507055,16.58216295,17.0191912,16.21988971,16.16022381,,,,
Rwanda,RWA,"PM2.5 air pollution, mean annual exposure (micrograms per cubic meter)",EN.ATM.PM25.MC.M3,,45.52701299,,,,,44.05491614,,,,,43.48168912,,,,,42.69118425,,,,,41.44091192,42.68095937,44.56089624,44.41158508,42.21148744,42.61448971,42.84380209,43.21021716,,,,
South Asia,SAS,"PM2.5 air pollution, mean annual exposure (micrograms per cubic meter)",EN.ATM.PM25.MC.M3,,76.61941024,,,,,77.85356525,,,,,78.90750217,,,,,84.33091139,,,,,89.16764514,90.56948124,82.7316803,84.69030328,83.06719753,82.72487662,81.98110471,82.86934534,,,,
Saudi Arabia,SAU,"PM2.5 air pollution, mean annual exposure (micrograms per cubic meter)",EN.ATM.PM25.MC.M3,,70.57306857,,,,,72.58494094,,,,,79.075526,,,,,76.42244447,,,,,81.69918208,82.41903191,85.51330311,83.63099223,75.60844062,97.432289,84.46577505,87.94544668,,,,
Sudan,SDN,"PM2.5 air pollution, mean annual exposure (micrograms per cubic meter)",EN.ATM.PM25.MC.M3,,51.14362625,,,,,52.38815795,,,,,49.42807693,,,,,50.17542884,,,,,47.26205558,51.15242727,49.68593895,48.02814491,48.14174218,58.90478573,54.14727633,55.37083444,,,,
Senegal,SEN,"PM2.5 air pollution, mean annual exposure (micrograms per cubic meter)",EN.ATM.PM25.MC.M3,,41.01650284,,,,,41.70807834,,,,,41.35304585,,,,,35.54506007,,,,,34.98538395,35.93539952,36.16775596,34.0182249,36.82683776,44.34080072,38.69494655,40.6958259,,,,
Singapore,SGP,"PM2.5 air pollution, mean annual exposure (micrograms per cubic meter)",EN.ATM.PM25.MC.M3,,18.72424305,,,,,18.75501505,,,,,19.32318502,,,,,20.80131394,,,,,20.60946174,19.34942078,20.88649301,18.70707148,17.40887705,20.66338947,18.79780262,19.0782565,,,,
Solomon Islands,SLB,"PM2.5 air pollution, mean annual exposure (micrograms per cubic meter)",EN.ATM.PM25.MC.M3,,13.76173553,,,,,13.09875403,,,,,13.86695434,,,,,14.17872347,,,,,14.37425559,14.37537331,13.43024493,12.55325496,12.17203082,12.69969555,11.83068915,11.87912184,,,,
Sierra Leone,SLE,"PM2.5 air pollution, mean annual exposure (micrograms per cubic meter)",EN.ATM.PM25.MC.M3,,20.73264763,,,,,20.13938382,,,,,20.50687033,,,,,19.31250968,,,,,18.52888841,18.74315581,20.10129417,18.43566679,17.69823222,22.52859793,21.34393233,21.62594668,,,,
El Salvador,SLV,"PM2.5 air pollution, mean annual exposure (micrograms per cubic meter)",EN.ATM.PM25.MC.M3,,31.12621396,,,,,31.81959015,,,,,31.8525956,,,,,31.97286682,,,,,30.46194135,33.62826513,30.93397435,30.75988157,27.50259084,26.47473092,24.73648611,24.47229229,,,,
San Marino,SMR,"PM2.5 air pollution, mean annual exposure (micrograms per cubic meter)",EN.ATM.PM25.MC.M3,,,,,,,,,,,,,,,,,,,,,,,,,,,,,,,,,
Somalia,SOM,"PM2.5 air pollution, mean annual exposure (micrograms per cubic meter)",EN.ATM.PM25.MC.M3,,31.73598464,,,,,29.90111252,,,,,31.38598928,,,,,29.7218033,,,,,29.00018535,31.23015581,31.58710495,29.5515726,30.40108067,32.01839243,31.75174608,32.03458423,,,,
Serbia,SRB,"PM2.5 air pollution, mean annual exposure (micrograms per cubic meter)",EN.ATM.PM25.MC.M3,,31.41516437,,,,,29.79295442,,,,,29.22397031,,,,,29.68541749,,,,,29.10058899,31.03402776,28.5847484,27.43078591,26.49207255,26.95437789,24.78062162,24.72635819,,,,
Sub-Saharan Africa (excluding high income),SSA,"PM2.5 air pollution, mean annual exposure (micrograms per cubic meter)",EN.ATM.PM25.MC.M3,,44.02195037,,,,,43.11661687,,,,,42.78967643,,,,,39.83088931,,,,,38.21440379,38.36285629,39.83157687,37.91882717,37.23411763,45.67307315,44.37069346,44.61537407,,,,
South Sudan,SSD,"PM2.5 air pollution, mean annual exposure (micrograms per cubic meter)",EN.ATM.PM25.MC.M3,,46.23936209,,,,,45.37858315,,,,,44.10158865,,,,,44.39170427,,,,,43.22533996,45.10147241,43.97405864,42.64200121,41.90056033,47.76803169,44.84657199,45.57750557,,,,
Sub-Saharan Africa,SSF,"PM2.5 air pollution, mean annual exposure (micrograms per cubic meter)",EN.ATM.PM25.MC.M3,,44.01891817,,,,,43.11386135,,,,,42.78709832,,,,,39.82891778,,,,,38.21263497,38.361216,39.82981257,37.91721053,37.2325842,45.67066889,44.36847435,44.61314386,,,,
Small states,SST,"PM2.5 air pollution, mean annual exposure (micrograms per cubic meter)",EN.ATM.PM25.MC.M3,,26.66444373,,,,,26.81480888,,,,,27.07829801,,,,,27.19274573,,,,,29.34715779,29.60181392,30.07787441,29.86598442,28.86819967,31.46494595,30.07734602,30.47224793,,,,
Sao Tome and Principe,STP,"PM2.5 air pollution, mean annual exposure (micrograms per cubic meter)",EN.ATM.PM25.MC.M3,,30.44904446,,,,,30.31451602,,,,,30.31190099,,,,,29.33439458,,,,,27.12662111,27.86024402,25.91584337,27.65881666,27.86230189,28.43209352,28.6665386,28.53958436,,,,
Suriname,SUR,"PM2.5 air pollution, mean annual exposure (micrograms per cubic meter)",EN.ATM.PM25.MC.M3,,29.99310016,,,,,30.04112474,,,,,29.02589301,,,,,29.97570504,,,,,29.83188899,31.03872183,29.1336101,28.80831685,25.99884713,25.9732844,25.31697817,24.78001054,,,,
Slovak Republic,SVK,"PM2.5 air pollution, mean annual exposure (micrograms per cubic meter)",EN.ATM.PM25.MC.M3,,24.95343635,,,,,22.8106087,,,,,21.7239994,,,,,21.94341977,,,,,21.69021974,21.76719851,19.76493293,19.31549268,18.30418161,18.8026457,17.35366264,17.56291134,,,,
Slovenia,SVN,"PM2.5 air pollution, mean annual exposure (micrograms per cubic meter)",EN.ATM.PM25.MC.M3,,22.27114799,,,,,20.88141418,,,,,19.13404698,,,,,19.42284115,,,,,18.6816561,19.5141379,17.67007906,17.57137864,16.63270074,17.12815192,15.91273727,16.02397998,,,,
Sweden,SWE,"PM2.5 air pollution, mean annual exposure (micrograms per cubic meter)",EN.ATM.PM25.MC.M3,,7.947532306,,,,,7.575328372,,,,,7.57800898,,,,,7.165820215,,,,,7.209759036,7.391221331,6.627941996,6.431168897,6.959197681,6.322498333,6.114258462,6.18466509,,,,
Eswatini,SWZ,"PM2.5 air pollution, mean annual exposure (micrograms per cubic meter)",EN.ATM.PM25.MC.M3,,18.83218111,,,,,18.406869,,,,,18.66855131,,,,,18.3048844,,,,,18.12819268,17.97331213,18.1823313,18.30780849,17.97877739,17.92480826,17.14854776,17.16878731,,,,
Sint Maarten (Dutch part),SXM,"PM2.5 air pollution, mean annual exposure (micrograms per cubic meter)",EN.ATM.PM25.MC.M3,,,,,,,,,,,,,,,,,,,,,,,,,,,,,,,,,
Seychelles,SYC,"PM2.5 air pollution, mean annual exposure (micrograms per cubic meter)",EN.ATM.PM25.MC.M3,,21.79736001,,,,,21.76837461,,,,,21.64752028,,,,,21.77301003,,,,,21.09126804,21.61035805,21.49533511,20.96973692,20.97051747,20.05359496,20.40382446,20.17864936,,,,
Syrian Arab Republic,SYR,"PM2.5 air pollution, mean annual exposure (micrograms per cubic meter)",EN.ATM.PM25.MC.M3,,46.71794575,,,,,44.62346833,,,,,41.55630603,,,,,39.94175144,,,,,42.65768485,41.12495285,41.01683877,41.91496819,41.53448066,44.31390854,43.70255284,43.75725947,,,,
Turks and Caicos Islands,TCA,"PM2.5 air pollution, mean annual exposure (micrograms per cubic meter)",EN.ATM.PM25.MC.M3,,,,,,,,,,,,,,,,,,,,,,,,,,,,,,,,,
Chad,TCD,"PM2.5 air pollution, mean annual exposure (micrograms per cubic meter)",EN.ATM.PM25.MC.M3,,65.7209816,,,,,68.90049893,,,,,65.97160056,,,,,58.20089197,,,,,56.58662749,55.19515958,58.67538804,53.0564069,51.24716851,68.68239375,64.77076912,66.0292055,,,,
East Asia & Pacific (IDA & IBRD countries),TEA,"PM2.5 air pollution, mean annual exposure (micrograms per cubic meter)",EN.ATM.PM25.MC.M3,,48.5420318,,,,,49.01787329,,,,,50.18372549,,,,,54.09354098,,,,,56.05483076,56.61300201,51.85461825,52.67211196,48.32658384,47.54810185,42.47566717,42.71913681,,,,
Europe & Central Asia (IDA & IBRD countries),TEC,"PM2.5 air pollution, mean annual exposure (micrograms per cubic meter)",EN.ATM.PM25.MC.M3,,27.41016759,,,,,26.21043678,,,,,25.73840206,,,,,25.69113124,,,,,26.61141503,26.34356535,25.37300307,24.87356299,24.05686428,25.13347314,23.99192316,24.09333571,,,,
Togo,TGO,"PM2.5 air pollution, mean annual exposure (micrograms per cubic meter)",EN.ATM.PM25.MC.M3,,38.11479034,,,,,37.70164937,,,,,37.68585568,,,,,31.39154567,,,,,30.52294447,30.85480627,31.36920959,29.56592775,28.93629146,38.35682101,37.05110734,35.73133561,,,,
Thailand,THA,"PM2.5 air pollution, mean annual exposure (micrograms per cubic meter)",EN.ATM.PM25.MC.M3,,30.8316219,,,,,30.9397171,,,,,30.96035104,,,,,31.80703309,,,,,31.56539944,31.60962923,31.52531464,31.17472364,29.36464114,27.34456692,26.25805467,26.25672656,,,,
Tajikistan,TJK,"PM2.5 air pollution, mean annual exposure (micrograms per cubic meter)",EN.ATM.PM25.MC.M3,,50.98790028,,,,,51.6068304,,,,,51.18266252,,,,,49.33935285,,,,,50.40541765,54.319961,48.98960355,49.55313763,46.48082923,47.79297353,43.37770931,46.15218537,,,,
Turkmenistan,TKM,"PM2.5 air pollution, mean annual exposure (micrograms per cubic meter)",EN.ATM.PM25.MC.M3,,25.30134467,,,,,25.37096997,,,,,25.47155531,,,,,23.85405702,,,,,24.85182927,25.49609942,23.80201005,23.7218898,22.08490686,22.97054002,21.74112228,21.76772098,,,,
Latin America & the Caribbean (IDA & IBRD countries),TLA,"PM2.5 air pollution, mean annual exposure (micrograms per cubic meter)",EN.ATM.PM25.MC.M3,,19.59518567,,,,,19.97331635,,,,,20.80668355,,,,,21.08172045,,,,,21.0646133,21.5125325,20.45017396,19.77049083,18.38987039,17.74334566,16.68744325,16.6961862,,,,
Timor-Leste,TLS,"PM2.5 air pollution, mean annual exposure (micrograms per cubic meter)",EN.ATM.PM25.MC.M3,,23.05657919,,,,,23.25599346,,,,,23.50129746,,,,,23.25316131,,,,,23.49239604,23.75671867,22.46662382,21.96462302,20.45010047,20.62318671,20.01790265,19.25720917,,,,
Middle East & North Africa (IDA & IBRD countries),TMN,"PM2.5 air pollution, mean annual exposure (micrograms per cubic meter)",EN.ATM.PM25.MC.M3,,49.40043226,,,,,48.48706512,,,,,49.09657627,,,,,48.61148102,,,,,50.35637044,48.44602813,48.99685164,50.15980232,49.41268315,54.71259336,54.62999144,54.10316232,,,,
Tonga,TON,"PM2.5 air pollution, mean annual exposure (micrograms per cubic meter)",EN.ATM.PM25.MC.M3,,13.16782279,,,,,13.30625011,,,,,12.79857127,,,,,13.17913931,,,,,13.53194839,13.5170884,12.43817111,12.14771339,12.05763996,11.31296782,10.95142376,10.78547886,,,,
South Asia (IDA & IBRD),TSA,"PM2.5 air pollution, mean annual exposure (micrograms per cubic meter)",EN.ATM.PM25.MC.M3,,76.61941024,,,,,77.85356525,,,,,78.90750217,,,,,84.33091139,,,,,89.16764514,90.56948124,82.7316803,84.69030328,83.06719753,82.72487662,81.98110471,82.86934534,,,,
Sub-Saharan Africa (IDA & IBRD countries),TSS,"PM2.5 air pollution, mean annual exposure (micrograms per cubic meter)",EN.ATM.PM25.MC.M3,,44.01891817,,,,,43.11386135,,,,,42.78709832,,,,,39.82891778,,,,,38.21263497,38.361216,39.82981257,37.91721053,37.2325842,45.67066889,44.36847435,44.61314386,,,,
Trinidad and Tobago,TTO,"PM2.5 air pollution, mean annual exposure (micrograms per cubic meter)",EN.ATM.PM25.MC.M3,,28.87598896,,,,,29.46078287,,,,,28.794061,,,,,29.5259354,,,,,28.70418626,29.85162487,27.94250467,27.15873901,24.85584226,24.8980769,24.23048069,24.10856843,,,,
Tunisia,TUN,"PM2.5 air pollution, mean annual exposure (micrograms per cubic meter)",EN.ATM.PM25.MC.M3,,35.94963268,,,,,35.94088146,,,,,35.60252683,,,,,33.55744756,,,,,35.54548859,33.86835212,32.81580557,35.65414466,34.69205883,36.30424932,38.45049077,37.65599375,,,,
Turkiye,TUR,"PM2.5 air pollution, mean annual exposure (micrograms per cubic meter)",EN.ATM.PM25.MC.M3,,42.5988219,,,,,41.97206044,,,,,42.69252478,,,,,41.20201574,,,,,43.82122875,40.54510881,41.92091892,42.06258311,42.59577121,45.4015556,44.48275839,44.31152568,,,,
Tuvalu,TUV,"PM2.5 air pollution, mean annual exposure (micrograms per cubic meter)",EN.ATM.PM25.MC.M3,,,,,,,,,,,,,,,,,,,,,,,,,,,,,,,,,
Tanzania,TZA,"PM2.5 air pollution, mean annual exposure (micrograms per cubic meter)",EN.ATM.PM25.MC.M3,,29.86164572,,,,,28.80842485,,,,,28.97369746,,,,,29.57383579,,,,,28.60753269,28.72876866,29.96984478,29.35963299,28.87371592,28.2404487,28.44356969,29.07664051,,,,
Uganda,UGA,"PM2.5 air pollution, mean annual exposure (micrograms per cubic meter)",EN.ATM.PM25.MC.M3,,47.87483958,,,,,48.34343848,,,,,46.02890682,,,,,45.94616803,,,,,44.75869737,47.06116817,49.62672958,47.72115871,46.93056685,48.94936019,51.94410661,50.49432132,,,,
Ukraine,UKR,"PM2.5 air pollution, mean annual exposure (micrograms per cubic meter)",EN.ATM.PM25.MC.M3,,28.30954725,,,,,25.88673175,,,,,24.15791294,,,,,23.92220402,,,,,23.52265648,23.97110359,22.3287933,21.5323995,20.48689522,21.24645457,20.618187,20.30977582,,,,
Upper middle income,UMC,"PM2.5 air pollution, mean annual exposure (micrograms per cubic meter)",EN.ATM.PM25.MC.M3,,43.96384783,,,,,44.40462654,,,,,45.72332274,,,,,48.8608039,,,,,50.79822726,51.31187438,47.15239629,47.85417078,43.99219883,43.67250864,39.28099466,39.49519169,,,,
Uruguay,URY,"PM2.5 air pollution, mean annual exposure (micrograms per cubic meter)",EN.ATM.PM25.MC.M3,,10.8707002,,,,,10.74385689,,,,,11.3670823,,,,,10.91842449,,,,,11.02705557,11.4687322,10.5672946,10.45560559,9.926816159,9.65945432,9.197441119,9.27488332,,,,
United States,USA,"PM2.5 air pollution, mean annual exposure (micrograms per cubic meter)",EN.ATM.PM25.MC.M3,,9.70166727,,,,,9.566392202,,,,,9.525138004,,,,,9.609824465,,,,,9.35863641,9.740640607,9.00316337,8.734777211,8.220720319,8.063920222,7.406464089,7.409441662,,,,
Uzbekistan,UZB,"PM2.5 air pollution, mean annual exposure (micrograms per cubic meter)",EN.ATM.PM25.MC.M3,,35.90257662,,,,,34.7875857,,,,,31.93634522,,,,,31.53029376,,,,,32.07745356,33.99383696,31.6621061,30.80519356,28.9000361,30.3943319,27.8143471,28.4559012,,,,
St. Vincent and the Grenadines,VCT,"PM2.5 air pollution, mean annual exposure (micrograms per cubic meter)",EN.ATM.PM25.MC.M3,,27.16453879,,,,,27.16265924,,,,,26.95793233,,,,,27.06413496,,,,,26.39665862,27.58281022,25.75407882,24.76218005,23.03093206,23.47317148,22.07655177,22.20051632,,,,
"Venezuela, RB",VEN,"PM2.5 air pollution, mean annual exposure (micrograms per cubic meter)",EN.ATM.PM25.MC.M3,,21.45715928,,,,,21.2709634,,,,,21.61028202,,,,,22.36925987,,,,,21.68286882,22.03310792,21.24572753,20.42894973,19.10406153,18.30300574,16.76799384,17.00855357,,,,
British Virgin Islands,VGB,"PM2.5 air pollution, mean annual exposure (micrograms per cubic meter)",EN.ATM.PM25.MC.M3,,,,,,,,,,,,,,,,,,,,,,,,,,,,,,,,,
Virgin Islands (U.S.),VIR,"PM2.5 air pollution, mean annual exposure (micrograms per cubic meter)",EN.ATM.PM25.MC.M3,,10.29925266,,,,,10.29546773,,,,,12.85075614,,,,,12.76008076,,,,,12.75209971,12.99373844,12.23312314,11.95551314,11.1658167,11.02889651,10.26484343,10.26531228,,,,
Vietnam,VNM,"PM2.5 air pollution, mean annual exposure (micrograms per cubic meter)",EN.ATM.PM25.MC.M3,,35.92847732,,,,,36.01680964,,,,,36.23884543,,,,,37.74959295,,,,,39.36539699,38.4869748,37.22745154,36.83590641,34.89601505,32.46644382,30.24131157,29.62672834,,,,
Vanuatu,VUT,"PM2.5 air pollution, mean annual exposure (micrograms per cubic meter)",EN.ATM.PM25.MC.M3,,13.67055036,,,,,13.52147409,,,,,14.06654609,,,,,14.18976992,,,,,14.12951255,14.38296402,13.24245239,12.74069289,11.93385168,12.15721001,11.59090896,11.65277703,,,,
World,WLD,"PM2.5 air pollution, mean annual exposure (micrograms per cubic meter)",EN.ATM.PM25.MC.M3,,44.26161469,,,,,44.88187312,,,,,45.93539781,,,,,48.3638294,,,,,50.25201556,50.77349102,47.54097362,47.96192607,45.95833447,47.24492513,45.16481623,45.53720936,,,,
Samoa,WSM,"PM2.5 air pollution, mean annual exposure (micrograms per cubic meter)",EN.ATM.PM25.MC.M3,,14.31125006,,,,,14.29698836,,,,,14.32047044,,,,,14.20545807,,,,,14.28809394,14.69309609,13.62788239,13.38252208,12.64355999,12.32179572,11.36629822,11.54802701,,,,
Kosovo,XKX,"PM2.5 air pollution, mean annual exposure (micrograms per cubic meter)",EN.ATM.PM25.MC.M3,,,,,,,,,,,,,,,,,,,,,,,,,,,,,,,,,
"Yemen, Rep.",YEM,"PM2.5 air pollution, mean annual exposure (micrograms per cubic meter)",EN.ATM.PM25.MC.M3,,48.86372652,,,,,50.02771602,,,,,50.8679329,,,,,45.14480779,,,,,45.97946993,50.83529078,51.43445402,52.99844335,48.33865267,54.26028666,50.12762567,50.45600689,,,,
South Africa,ZAF,"PM2.5 air pollution, mean annual exposure (micrograms per cubic meter)",EN.ATM.PM25.MC.M3,,26.12020279,,,,,26.28537348,,,,,26.67379878,,,,,26.32287788,,,,,27.13858684,26.55787322,26.57708662,26.72926171,26.72221238,26.11297177,25.14041614,25.10220499,,,,
Zambia,ZMB,"PM2.5 air pollution, mean annual exposure (micrograms per cubic meter)",EN.ATM.PM25.MC.M3,,32.76484509,,,,,30.90846554,,,,,30.89820415,,,,,28.94705522,,,,,28.8363786,28.98711674,29.74203953,29.11222078,28.49325189,28.37545168,27.35567371,27.43803476,,,,
Zimbabwe,ZWE,"PM2.5 air pollution, mean annual exposure (micrograms per cubic meter)",EN.ATM.PM25.MC.M3,,23.31990791,,,,,22.72626927,,,,,23.12637318,,,,,23.3147417,,,,,23.2314787,23.07421266,23.19809712,23.11108755,22.80594966,21.73370858,21.72694718,22.25167109,,,,
